id,name,email,age,country,signup_date
1,Brittney Campbell,cannoncarmen@yahoo.com,51,Solomon Islands,2024-10-22
2,Alicia Le,richard60@yahoo.com,61,Nicaragua,2023-11-15
3,Susan Sanders,davidking@gmail.com,31,Jordan,2023-09-22
4,Taylor Rogers,spearsjohn@flores-grimes.com,47,Bermuda,2024-04-15
5,Jacob Bradley,haleyedwards@hotmail.com,32,Congo,2024-08-21
6,Christina Bradshaw,christopherjohnson@solomon.com,63,Philippines,2024-11-26
7,Karen Rivera,davidandrews@smith.com,27,Turks and Caicos Islands,2025-07-08
8,Margaret Hill,wstrickland@carter.com,46,Qatar,2024-03-19
9,Stephanie Chambers,ugonzalez@hotmail.com,56,Zimbabwe,2024-11-11
10,Erica Giles,raymondboyle@kelley.net,62,Nicaragua,2023-09-19
11,Brandon Hudson,ncruz@yahoo.com,59,Vanuatu,2024-07-01
12,Erik Jones,joanneking@yahoo.com,20,Guernsey,2025-07-24
13,Richard Bennett,tduncan@ramsey.com,52,Tonga,2024-08-11
14,Alexis Morrow,jose33@hotmail.com,58,San Marino,2024-10-06
15,Dustin Nelson,nichole36@burke.com,25,Jersey,2024-04-24
16,Christopher Conrad,fjefferson@johnson-bradley.net,25,Bouvet Island (Bouvetoya),2025-05-07
17,Joseph Garcia,sean33@yahoo.com,18,Lebanon,2025-02-16
18,Shelby Edwards,brian71@yahoo.com,36,Estonia,2024-01-25
19,William Boone,armstrongfrank@thompson.org,26,Sao Tome and Principe,2024-04-20
20,John James,greerbrandon@gmail.com,56,Netherlands Antilles,2024-09-10
